model_name,0
Base Model,0.6992481203007519
Ensemble Model,0.6547619047619048
MC-Dropout,0.7548387096774194
