model_name,0
Base Model,0.7
Ensemble Model,0.6576923076923077
MC-Dropout,0.7581967213114754
